Tramo,x,y,DBO5,OD,TempAgua,Coliformes F,Coliformes T,pH,DT,SD,SS,Cl,Conductividad,AT,Grasas y Aceites,N-NO3,N-NH3,PO4,SAAM,Color,Turbiedad
La Balsa,-76.599091,3.092217,10,5.5,298,5,6,6.5,150,69,79,2,54,100,3,1,0.1,0.05,0.05,45,79
Cali,-76.472688,3.440988,100,2,299,50,60,6.8,300,140,150,4,120,180,30,1.1,0.5,0.5,0.5,89,180
Yumbo,-76.488210,3.552581,150,0.9,300,56,67,6.2,280,150,155,4.5,124,175,24,1.3,0.5,0.6,0.2,99,210
Sonso,-76.359077,3.870429,34,4.5,293,13,12,6.9,150,43,34,1.5,100,120,8,0.4,0.1,0.2,0.03,23,76
Cartago,-75.966978,4.784058,15,5,295,5,5,6.7,98,40,32,0.1,98,93,1,0.4,0.05,0.1,0.01,20,50
La Virginia,-75.882096,4.891413,10,7,291,2,3,7,80,31,32,0.1,90,90,0.1,0.1,0.07,0.08,0.01,15,45
El Retiro,-75.686808,5.132754,7,6.8,290,2,4,6.9,80,23,15,0.05,91,60,0.1,0.1,0.06,0.01,0.01,15,40
